path,size_bytes,category,note
web-battery/stimuli/README.md,873,当前刺激材料,
web-battery/stimuli/flanker/congruent/y.webp,5026,当前刺激材料,压缩/轻量版本
web-battery/stimuli/flanker/congruent/z.webp,4992,当前刺激材料,压缩/轻量版本
web-battery/stimuli/flanker/congruent-pop/3a.webp,5698,当前刺激材料,压缩/轻量版本
web-battery/stimuli/flanker/congruent-pop/4a.webp,5914,当前刺激材料,压缩/轻量版本
web-battery/stimuli/flanker/congruent-pop/5a.webp,5996,当前刺激材料,压缩/轻量版本
web-battery/stimuli/flanker/congruent-pop/6a.webp,5796,当前刺激材料,压缩/轻量版本
web-battery/stimuli/flanker/congruent-pop/7a.webp,5892,当前刺激材料,压缩/轻量版本
web-battery/stimuli/flanker/congruent-pop/b6.webp,5918,当前刺激材料,压缩/轻量版本
web-battery/stimuli/flanker/congruent-pop/d3.webp,5908,当前刺激材料,压缩/轻量版本
web-battery/stimuli/flanker/congruent-pop/d4.webp,5746,当前刺激材料,压缩/轻量版本
web-battery/stimuli/flanker/congruent-pop/d5.webp,5790,当前刺激材料,压缩/轻量版本
web-battery/stimuli/flanker/congruent-pop/d6.webp,5788,当前刺激材料,压缩/轻量版本
web-battery/stimuli/flanker/incongruent/a1.webp,4956,当前刺激材料,压缩/轻量版本
web-battery/stimuli/flanker/incongruent/a2.webp,4906,当前刺激材料,压缩/轻量版本
web-battery/stimuli/flanker/incongruent-pop/Y1.webp,5822,当前刺激材料,压缩/轻量版本
web-battery/stimuli/flanker/incongruent-pop/Y2.webp,5770,当前刺激材料,压缩/轻量版本
web-battery/stimuli/flanker/incongruent-pop/Y3.webp,5780,当前刺激材料,压缩/轻量版本
web-battery/stimuli/flanker/incongruent-pop/Y4.webp,5926,当前刺激材料,压缩/轻量版本
web-battery/stimuli/flanker/incongruent-pop/Y5.webp,5702,当前刺激材料,压缩/轻量版本
web-battery/stimuli/flanker/incongruent-pop/Z1.webp,5948,当前刺激材料,压缩/轻量版本
web-battery/stimuli/flanker/incongruent-pop/Z2.webp,5916,当前刺激材料,压缩/轻量版本
web-battery/stimuli/flanker/incongruent-pop/Z3.webp,5870,当前刺激材料,压缩/轻量版本
web-battery/stimuli/flanker/incongruent-pop/Z4.webp,5862,当前刺激材料,压缩/轻量版本
web-battery/stimuli/flanker/incongruent-pop/Z5.webp,5928,当前刺激材料,压缩/轻量版本
web-battery/stimuli/flanker/neutral/c1.webp,1546,当前刺激材料,压缩/轻量版本
web-battery/stimuli/flanker/neutral/c2.webp,1566,当前刺激材料,压缩/轻量版本
web-battery/stimuli/flanker/neutral-pop/c3.webp,2168,当前刺激材料,压缩/轻量版本
web-battery/stimuli/flanker/neutral-pop/c4.webp,2284,当前刺激材料,压缩/轻量版本
web-battery/stimuli/hero.webp,120360,当前刺激材料,压缩/轻量版本
web-battery/stimuli/nback/B1/ListA/B1_D1_Bedroom.webp,45646,当前刺激材料,压缩/轻量版本
web-battery/stimuli/nback/B1/ListA/B1_D2_Kitchen.webp,55498,当前刺激材料,压缩/轻量版本
web-battery/stimuli/nback/B1/ListA/B1_D3_Bathroom.webp,39748,当前刺激材料,压缩/轻量版本
web-battery/stimuli/nback/B1/ListA/B1_D4_Hallway.webp,27156,当前刺激材料,压缩/轻量版本
web-battery/stimuli/nback/B1/ListA/B1_D5_Study.webp,47412,当前刺激材料,压缩/轻量版本
web-battery/stimuli/nback/B1/ListA/B1_D6_Dining.webp,44688,当前刺激材料,压缩/轻量版本
web-battery/stimuli/nback/B1/ListA/B1_D7_Laundry.webp,42046,当前刺激材料,压缩/轻量版本
web-battery/stimuli/nback/B1/ListA/B1_D8_Entryway.webp,46182,当前刺激材料,压缩/轻量版本
web-battery/stimuli/nback/B1/ListA/B1_S1_AddBigBlanket.webp,56034,当前刺激材料,压缩/轻量版本
web-battery/stimuli/nback/B1/ListA/B1_S2_AddLargePlant.webp,62456,当前刺激材料,压缩/轻量版本
web-battery/stimuli/nback/B1/ListA/B1_S3_CurtainsHalfClosed.webp,54462,当前刺激材料,压缩/轻量版本
web-battery/stimuli/nback/B1/ListA/B1_T_LivingRoom_Base.webp,71172,当前刺激材料,压缩/轻量版本
web-battery/stimuli/nback/B1/Practice/B1_Prac_S1_BlueCushions.webp,237424,当前刺激材料,压缩/轻量版本
web-battery/stimuli/nback/B2/ListA/B2_F1_Bedroom_A.webp,65940,当前刺激材料,压缩/轻量版本
web-battery/stimuli/nback/B2/ListA/B2_F1_Bedroom_B.webp,54384,当前刺激材料,压缩/轻量版本
web-battery/stimuli/nback/B2/ListA/B2_F2_Kitchen_A.webp,38994,当前刺激材料,压缩/轻量版本
web-battery/stimuli/nback/B2/ListA/B2_F2_Kitchen_B.webp,39518,当前刺激材料,压缩/轻量版本
web-battery/stimuli/nback/B2/ListA/B2_F3_Hallway_A.webp,38198,当前刺激材料,压缩/轻量版本
web-battery/stimuli/nback/B2/ListA/B2_F3_Hallway_B.webp,50530,当前刺激材料,压缩/轻量版本
web-battery/stimuli/nback/B2/ListA/B2_F4_Dining_A.webp,68378,当前刺激材料,压缩/轻量版本
web-battery/stimuli/nback/B2/ListA/B2_F4_Dining_B.webp,74304,当前刺激材料,压缩/轻量版本
web-battery/stimuli/nback/B2/ListA/B2_F5_Study_A.webp,57488,当前刺激材料,压缩/轻量版本
web-battery/stimuli/nback/B2/ListA/B2_F5_Study_B.webp,70102,当前刺激材料,压缩/轻量版本
web-battery/stimuli/nback/B2/Practice/B2_Prac_F1_LivingRoom_A.webp,213782,当前刺激材料,压缩/轻量版本
web-battery/stimuli/nback/B2/Practice/B2_Prac_F1_LivingRoom_B.webp,226824,当前刺激材料,压缩/轻量版本
web-battery/stimuli/nback/B3/ListA/B3_P1_Staircase.webp,76622,当前刺激材料,压缩/轻量版本
web-battery/stimuli/nback/B3/ListA/B3_P2_Closet.webp,73020,当前刺激材料,压缩/轻量版本
web-battery/stimuli/nback/B3/ListA/B3_P3_Pantry.webp,106794,当前刺激材料,压缩/轻量版本
web-battery/stimuli/nback/B3/ListA/B3_P4_GarageCorner.webp,98994,当前刺激材料,压缩/轻量版本
web-battery/stimuli/nback/B3/ListA/B3_P5_SunroomBalcony.webp,71260,当前刺激材料,压缩/轻量版本
web-battery/stimuli/nback/B3/ListA/B3_P6_MusicRoom.webp,57130,当前刺激材料,压缩/轻量版本
web-battery/stimuli/nback/B3/ListA/B3_P7_HomeGym.webp,59482,当前刺激材料,压缩/轻量版本
web-battery/stimuli/nback/B3/ListA/cue.webp,49920,当前刺激材料,压缩/轻量版本
web-battery/stimuli/nback/B3/Practice/B3_Prac_P1_Bathroom.webp,150604,当前刺激材料,压缩/轻量版本
web-battery/stimuli/nback/B3/Practice/B3_Prac_P2_DiningRoom.webp,157544,当前刺激材料,压缩/轻量版本
web-battery/stimuli/nback/B3/Practice/B3_Prac_P3_LivingRoom.webp,188072,当前刺激材料,压缩/轻量版本
web-battery/stimuli/nback/B3/Practice/B3_Prac_P4_Study.webp,193898,当前刺激材料,压缩/轻量版本
web-battery/stimuli/nback/B3/Practice/B3_Prac_P5_Kitchen.webp,134056,当前刺激材料,压缩/轻量版本
web-battery/stimuli/nback/B4/ListA/B4_01_LivingRoom2.webp,90182,当前刺激材料,压缩/轻量版本
web-battery/stimuli/nback/B4/ListA/B4_02_Bedroom2.webp,78838,当前刺激材料,压缩/轻量版本
web-battery/stimuli/nback/B4/ListA/B4_03_Kitchen2.webp,49464,当前刺激材料,压缩/轻量版本
web-battery/stimuli/nback/B4/ListA/B4_04_Bathroom2.webp,72304,当前刺激材料,压缩/轻量版本
web-battery/stimuli/nback/B4/ListA/B4_05_Hallway2.webp,56176,当前刺激材料,压缩/轻量版本
web-battery/stimuli/nback/B4/ListA/B4_06_Dining2.webp,103290,当前刺激材料,压缩/轻量版本
web-battery/stimuli/nback/B4/ListA/B4_07_Study2.webp,84616,当前刺激材料,压缩/轻量版本
web-battery/stimuli/nback/B4/ListA/B4_08_Laundry2.webp,73132,当前刺激材料,压缩/轻量版本
web-battery/stimuli/nback/B4/ListA/B4_09_Entryway2.webp,84130,当前刺激材料,压缩/轻量版本
web-battery/stimuli/nback-instructions/1.webp,40298,当前刺激材料,压缩/轻量版本
web-battery/stimuli/nback-instructions/2.webp,9794,当前刺激材料,压缩/轻量版本
web-battery/stimuli/nback-instructions/B1_1.webp,60452,当前刺激材料,压缩/轻量版本
web-battery/stimuli/nback-instructions/B2_1.webp,51030,当前刺激材料,压缩/轻量版本
web-battery/stimuli/nback-instructions/B3_1.webp,59678,当前刺激材料,压缩/轻量版本
web-battery/stimuli/nback-instructions/B4_1.webp,74264,当前刺激材料,压缩/轻量版本
web-battery/stimuli/rmet/P.jpg,24580,当前刺激材料,
web-battery/stimuli/rmet/trial1.jpg,33226,当前刺激材料,
web-battery/stimuli/rmet/trial10.jpg,28399,当前刺激材料,
web-battery/stimuli/rmet/trial2.jpg,30515,当前刺激材料,
web-battery/stimuli/rmet/trial3.jpg,34198,当前刺激材料,
web-battery/stimuli/rmet/trial4.jpg,27123,当前刺激材料,
web-battery/stimuli/rmet/trial5.jpg,33261,当前刺激材料,
web-battery/stimuli/rmet/trial6.jpg,28362,当前刺激材料,
web-battery/stimuli/rmet/trial7.jpg,33069,当前刺激材料,
web-battery/stimuli/rmet/trial8.jpg,24042,当前刺激材料,
web-battery/stimuli/rmet/trial9.jpg,28101,当前刺激材料,
web-battery/stimuli/speech/slide02_img001.webp,37338,当前刺激材料,压缩/轻量版本
web-battery/stimuli/speech/slide03_img002.webp,27910,当前刺激材料,压缩/轻量版本
web-battery/stimuli/speech/slide04_img003.webp,63330,当前刺激材料,压缩/轻量版本
web-battery/stimuli/speech/slide05_img004.webp,17624,当前刺激材料,压缩/轻量版本
web-battery/stimuli/speech/slide06_img005.webp,18098,当前刺激材料,压缩/轻量版本
web-battery/stimuli/speech/slide07_img006.webp,65044,当前刺激材料,压缩/轻量版本
web-battery/stimuli/speech/slide08_img007.webp,20662,当前刺激材料,压缩/轻量版本
web-battery/stimuli/speech/slide09_img008.webp,20952,当前刺激材料,压缩/轻量版本
web-battery/stimuli/speech/slide10_img009.webp,122942,当前刺激材料,压缩/轻量版本
web-battery/stimuli/speech/slide11_img011.webp,172196,当前刺激材料,压缩/轻量版本
web-battery/stimuli/speech/slide14_img019.webp,43160,当前刺激材料,压缩/轻量版本
web-battery/stimuli/speech/slide15_img020.webp,61770,当前刺激材料,压缩/轻量版本
web-battery/stimuli/speech/slide16_img021.webp,63678,当前刺激材料,压缩/轻量版本
web-battery/stimuli/tmt-fruits/numbered/bw/apple_bw_1.webp,7996,当前刺激材料,压缩/轻量版本
web-battery/stimuli/tmt-fruits/numbered/bw/apple_bw_2.webp,8704,当前刺激材料,压缩/轻量版本
web-battery/stimuli/tmt-fruits/numbered/bw/apple_bw_3.webp,8864,当前刺激材料,压缩/轻量版本
web-battery/stimuli/tmt-fruits/numbered/bw/apple_bw_4.webp,8242,当前刺激材料,压缩/轻量版本
web-battery/stimuli/tmt-fruits/numbered/bw/apple_bw_5.webp,8680,当前刺激材料,压缩/轻量版本
web-battery/stimuli/tmt-fruits/numbered/bw/apple_bw_6.webp,9188,当前刺激材料,压缩/轻量版本
web-battery/stimuli/tmt-fruits/numbered/bw/apple_bw_7.webp,8388,当前刺激材料,压缩/轻量版本
web-battery/stimuli/tmt-fruits/numbered/bw/lemon_bw_1.webp,6542,当前刺激材料,压缩/轻量版本
web-battery/stimuli/tmt-fruits/numbered/bw/lemon_bw_2.webp,7328,当前刺激材料,压缩/轻量版本
web-battery/stimuli/tmt-fruits/numbered/bw/lemon_bw_3.webp,7474,当前刺激材料,压缩/轻量版本
web-battery/stimuli/tmt-fruits/numbered/bw/lemon_bw_4.webp,6860,当前刺激材料,压缩/轻量版本
web-battery/stimuli/tmt-fruits/numbered/bw/lemon_bw_5.webp,7292,当前刺激材料,压缩/轻量版本
web-battery/stimuli/tmt-fruits/numbered/bw/lemon_bw_6.webp,7824,当前刺激材料,压缩/轻量版本
web-battery/stimuli/tmt-fruits/numbered/bw/lemon_bw_7.webp,7050,当前刺激材料,压缩/轻量版本
web-battery/stimuli/tmt-fruits/numbered/color/apple_color_1.webp,11842,当前刺激材料,压缩/轻量版本
web-battery/stimuli/tmt-fruits/numbered/color/apple_color_2.webp,12802,当前刺激材料,压缩/轻量版本
web-battery/stimuli/tmt-fruits/numbered/color/apple_color_3.webp,12896,当前刺激材料,压缩/轻量版本
web-battery/stimuli/tmt-fruits/numbered/color/apple_color_4.webp,12458,当前刺激材料,压缩/轻量版本
web-battery/stimuli/tmt-fruits/numbered/color/apple_color_5.webp,12640,当前刺激材料,压缩/轻量版本
web-battery/stimuli/tmt-fruits/numbered/color/apple_color_6.webp,13214,当前刺激材料,压缩/轻量版本
web-battery/stimuli/tmt-fruits/numbered/color/apple_color_7.webp,12406,当前刺激材料,压缩/轻量版本
web-battery/stimuli/tmt-fruits/numbered/color/lemon_color_1.webp,9744,当前刺激材料,压缩/轻量版本
web-battery/stimuli/tmt-fruits/numbered/color/lemon_color_2.webp,10810,当前刺激材料,压缩/轻量版本
web-battery/stimuli/tmt-fruits/numbered/color/lemon_color_3.webp,10940,当前刺激材料,压缩/轻量版本
web-battery/stimuli/tmt-fruits/numbered/color/lemon_color_4.webp,10452,当前刺激材料,压缩/轻量版本
web-battery/stimuli/tmt-fruits/numbered/color/lemon_color_5.webp,10588,当前刺激材料,压缩/轻量版本
web-battery/stimuli/tmt-fruits/numbered/color/lemon_color_6.webp,11310,当前刺激材料,压缩/轻量版本
web-battery/stimuli/tmt-fruits/numbered/color/lemon_color_7.webp,10396,当前刺激材料,压缩/轻量版本
web-battery/stimuli/vstmb/binding/A/1.webp,38320,当前刺激材料,压缩/轻量版本
web-battery/stimuli/vstmb/binding/A/2.webp,39148,当前刺激材料,压缩/轻量版本
web-battery/stimuli/vstmb/binding/A/3.webp,37488,当前刺激材料,压缩/轻量版本
web-battery/stimuli/vstmb/binding/A/4.webp,37344,当前刺激材料,压缩/轻量版本
web-battery/stimuli/vstmb/binding/A/5.webp,44958,当前刺激材料,压缩/轻量版本
web-battery/stimuli/vstmb/binding/A/6.webp,41720,当前刺激材料,压缩/轻量版本
web-battery/stimuli/vstmb/binding/B/1.webp,34078,当前刺激材料,压缩/轻量版本
web-battery/stimuli/vstmb/binding/B/2.webp,34478,当前刺激材料,压缩/轻量版本
web-battery/stimuli/vstmb/binding/B/3.webp,33218,当前刺激材料,压缩/轻量版本
web-battery/stimuli/vstmb/binding/B/4.webp,33048,当前刺激材料,压缩/轻量版本
web-battery/stimuli/vstmb/binding/B/5.webp,38720,当前刺激材料,压缩/轻量版本
web-battery/stimuli/vstmb/binding/B/6.webp,35872,当前刺激材料,压缩/轻量版本
web-battery/stimuli/vstmb/binding/C/1.webp,33390,当前刺激材料,压缩/轻量版本
web-battery/stimuli/vstmb/binding/C/2.webp,33642,当前刺激材料,压缩/轻量版本
web-battery/stimuli/vstmb/binding/C/3.webp,32694,当前刺激材料,压缩/轻量版本
web-battery/stimuli/vstmb/binding/C/4.webp,32598,当前刺激材料,压缩/轻量版本
web-battery/stimuli/vstmb/binding/C/5.webp,37434,当前刺激材料,压缩/轻量版本
web-battery/stimuli/vstmb/binding/C/6.webp,35042,当前刺激材料,压缩/轻量版本
web-battery/stimuli/vstmb/binding/D/1.webp,13686,当前刺激材料,压缩/轻量版本
web-battery/stimuli/vstmb/binding/D/2.webp,13988,当前刺激材料,压缩/轻量版本
web-battery/stimuli/vstmb/binding/D/3.webp,13814,当前刺激材料,压缩/轻量版本
web-battery/stimuli/vstmb/binding/D/4.webp,13586,当前刺激材料,压缩/轻量版本
web-battery/stimuli/vstmb/binding/D/5.webp,14642,当前刺激材料,压缩/轻量版本
web-battery/stimuli/vstmb/binding/D/6.webp,14390,当前刺激材料,压缩/轻量版本
web-battery/stimuli/vstmb/binding/E/1.webp,38746,当前刺激材料,压缩/轻量版本
web-battery/stimuli/vstmb/binding/E/2.webp,39136,当前刺激材料,压缩/轻量版本
web-battery/stimuli/vstmb/binding/E/3.webp,37998,当前刺激材料,压缩/轻量版本
web-battery/stimuli/vstmb/binding/E/4.webp,38122,当前刺激材料,压缩/轻量版本
web-battery/stimuli/vstmb/binding/E/5.webp,44580,当前刺激材料,压缩/轻量版本
web-battery/stimuli/vstmb/binding/E/6.webp,41230,当前刺激材料,压缩/轻量版本
web-battery/stimuli/vstmb/binding/F/1.webp,40404,当前刺激材料,压缩/轻量版本
web-battery/stimuli/vstmb/binding/F/2.webp,40588,当前刺激材料,压缩/轻量版本
web-battery/stimuli/vstmb/binding/F/3.webp,39408,当前刺激材料,压缩/轻量版本
web-battery/stimuli/vstmb/binding/F/4.webp,39578,当前刺激材料,压缩/轻量版本
web-battery/stimuli/vstmb/binding/F/5.webp,46984,当前刺激材料,压缩/轻量版本
web-battery/stimuli/vstmb/binding/F/6.webp,43478,当前刺激材料,压缩/轻量版本
web-battery/stimuli/vstmb/color/1/a.webp,38320,当前刺激材料,压缩/轻量版本
web-battery/stimuli/vstmb/color/1/b.webp,34078,当前刺激材料,压缩/轻量版本
web-battery/stimuli/vstmb/color/1/c.webp,33390,当前刺激材料,压缩/轻量版本
web-battery/stimuli/vstmb/color/1/d.webp,13686,当前刺激材料,压缩/轻量版本
web-battery/stimuli/vstmb/color/1/e.webp,38746,当前刺激材料,压缩/轻量版本
web-battery/stimuli/vstmb/color/1/f.webp,40404,当前刺激材料,压缩/轻量版本
web-battery/stimuli/vstmb/color/2/a.webp,39148,当前刺激材料,压缩/轻量版本
web-battery/stimuli/vstmb/color/2/b.webp,34478,当前刺激材料,压缩/轻量版本
web-battery/stimuli/vstmb/color/2/c.webp,33642,当前刺激材料,压缩/轻量版本
web-battery/stimuli/vstmb/color/2/d.webp,13988,当前刺激材料,压缩/轻量版本
web-battery/stimuli/vstmb/color/2/e.webp,39136,当前刺激材料,压缩/轻量版本
web-battery/stimuli/vstmb/color/2/f.webp,40588,当前刺激材料,压缩/轻量版本
web-battery/stimuli/vstmb/color/3/a.webp,37488,当前刺激材料,压缩/轻量版本
web-battery/stimuli/vstmb/color/3/b.webp,33218,当前刺激材料,压缩/轻量版本
web-battery/stimuli/vstmb/color/3/c.webp,32694,当前刺激材料,压缩/轻量版本
web-battery/stimuli/vstmb/color/3/d.webp,13814,当前刺激材料,压缩/轻量版本
web-battery/stimuli/vstmb/color/3/e.webp,37998,当前刺激材料,压缩/轻量版本
web-battery/stimuli/vstmb/color/3/f.webp,39408,当前刺激材料,压缩/轻量版本
web-battery/stimuli/vstmb/color/4/a.webp,37344,当前刺激材料,压缩/轻量版本
web-battery/stimuli/vstmb/color/4/b.webp,33048,当前刺激材料,压缩/轻量版本
web-battery/stimuli/vstmb/color/4/c.webp,32598,当前刺激材料,压缩/轻量版本
web-battery/stimuli/vstmb/color/4/d.webp,13586,当前刺激材料,压缩/轻量版本
web-battery/stimuli/vstmb/color/4/e.webp,38122,当前刺激材料,压缩/轻量版本
web-battery/stimuli/vstmb/color/4/f.webp,39578,当前刺激材料,压缩/轻量版本
web-battery/stimuli/vstmb/color/5/a.webp,44958,当前刺激材料,压缩/轻量版本
web-battery/stimuli/vstmb/color/5/b.webp,38720,当前刺激材料,压缩/轻量版本
web-battery/stimuli/vstmb/color/5/c.webp,37434,当前刺激材料,压缩/轻量版本
web-battery/stimuli/vstmb/color/5/d.webp,14642,当前刺激材料,压缩/轻量版本
web-battery/stimuli/vstmb/color/5/e.webp,44580,当前刺激材料,压缩/轻量版本
web-battery/stimuli/vstmb/color/5/f.webp,46984,当前刺激材料,压缩/轻量版本
web-battery/stimuli/vstmb/color/6/a.webp,41720,当前刺激材料,压缩/轻量版本
web-battery/stimuli/vstmb/color/6/b.webp,35872,当前刺激材料,压缩/轻量版本
web-battery/stimuli/vstmb/color/6/c.webp,35042,当前刺激材料,压缩/轻量版本
web-battery/stimuli/vstmb/color/6/d.webp,14390,当前刺激材料,压缩/轻量版本
web-battery/stimuli/vstmb/color/6/e.webp,41230,当前刺激材料,压缩/轻量版本
web-battery/stimuli/vstmb/color/6/f.webp,43478,当前刺激材料,压缩/轻量版本
web-battery/stimuli/vstmb/shape/A.webp,34108,当前刺激材料,压缩/轻量版本
web-battery/stimuli/vstmb/shape/B.webp,30834,当前刺激材料,压缩/轻量版本
web-battery/stimuli/vstmb/shape/C.webp,30788,当前刺激材料,压缩/轻量版本
web-battery/stimuli/vstmb/shape/D.webp,12730,当前刺激材料,压缩/轻量版本
web-battery/stimuli/vstmb/shape/E.webp,34308,当前刺激材料,压缩/轻量版本
web-battery/stimuli/vstmb/shape/F.webp,36080,当前刺激材料,压缩/轻量版本
web-battery/stimuli/zju-badge.svg,14,当前刺激材料,
web-battery/stimuli/zju-logo.webp,101494,当前刺激材料,压缩/轻量版本
web-battery/paradigms/README.md,853,当前指导语图片/范式内图片,
web-battery/paradigms/clock/README.md,643,当前指导语图片/范式内图片,
web-battery/paradigms/clock/clock_model_11_10.webp,23926,当前指导语图片/范式内图片,压缩/轻量版本
web-battery/paradigms/clock/copy_model_pentagons.webp,12258,当前指导语图片/范式内图片,压缩/轻量版本
web-battery/paradigms/clock/img/rules.webp,165586,当前指导语图片/范式内图片,压缩/轻量版本
web-battery/paradigms/eyetracking/README.md,251,当前指导语图片/范式内图片,
web-battery/paradigms/flanker/README.md,720,当前指导语图片/范式内图片,
web-battery/paradigms/flanker/img/rules.webp,202040,当前指导语图片/范式内图片,压缩/轻量版本
web-battery/paradigms/interpersonal/README.md,250,当前指导语图片/范式内图片,
web-battery/paradigms/nback/README.md,820,当前指导语图片/范式内图片,
web-battery/paradigms/nback/img/block1.webp,92668,当前指导语图片/范式内图片,压缩/轻量版本
web-battery/paradigms/nback/img/block2.webp,57518,当前指导语图片/范式内图片,压缩/轻量版本
web-battery/paradigms/nback/img/block3.webp,55228,当前指导语图片/范式内图片,压缩/轻量版本
web-battery/paradigms/nback/img/block4.webp,74264,当前指导语图片/范式内图片,压缩/轻量版本
web-battery/paradigms/nback/img/cue_icon.webp,5956,当前指导语图片/范式内图片,压缩/轻量版本
web-battery/paradigms/nback/img/image.webp,55228,当前指导语图片/范式内图片,压缩/轻量版本
web-battery/paradigms/nback/img/overview.webp,198284,当前指导语图片/范式内图片,压缩/轻量版本
web-battery/paradigms/precheck/README.md,280,当前指导语图片/范式内图片,
web-battery/paradigms/rmet/README.md,629,当前指导语图片/范式内图片,
web-battery/paradigms/rmet/img/rules.webp,76884,当前指导语图片/范式内图片,压缩/轻量版本
web-battery/paradigms/sart/README.md,596,当前指导语图片/范式内图片,
web-battery/paradigms/sart/img/rules.webp,158594,当前指导语图片/范式内图片,压缩/轻量版本
web-battery/paradigms/speech/README.md,698,当前指导语图片/范式内图片,
web-battery/paradigms/tmt/README.md,787,当前指导语图片/范式内图片,
web-battery/paradigms/tmt/img/block1.webp,301760,当前指导语图片/范式内图片,压缩/轻量版本
web-battery/paradigms/tmt/img/block2.webp,201018,当前指导语图片/范式内图片,压缩/轻量版本
web-battery/paradigms/tmt/img/block3.webp,221904,当前指导语图片/范式内图片,压缩/轻量版本
web-battery/paradigms/tmt/img/block4.webp,210882,当前指导语图片/范式内图片,压缩/轻量版本
web-battery/paradigms/tmt/img/block5.webp,215204,当前指导语图片/范式内图片,压缩/轻量版本
web-battery/paradigms/tmt/img/block6.webp,217384,当前指导语图片/范式内图片,压缩/轻量版本
web-battery/paradigms/tmt/img/rules.webp,301238,当前指导语图片/范式内图片,压缩/轻量版本
web-battery/paradigms/visuospatial/README.md,694,当前指导语图片/范式内图片,
web-battery/paradigms/visuospatial/img/guided_intro.webp,57196,当前指导语图片/范式内图片,压缩/轻量版本
web-battery/paradigms/visuospatial/img/practice_intro.webp,109658,当前指导语图片/范式内图片,压缩/轻量版本
web-battery/paradigms/visuospatial/img/rules.webp,78304,当前指导语图片/范式内图片,压缩/轻量版本
web-battery/paradigms/vstmb/README.md,678,当前指导语图片/范式内图片,
web-battery/paradigms/vstmb/img/block1.webp,258202,当前指导语图片/范式内图片,压缩/轻量版本
web-battery/paradigms/vstmb/img/block2.webp,64936,当前指导语图片/范式内图片,压缩/轻量版本
web-battery/paradigms/vstmb/img/block3.webp,283230,当前指导语图片/范式内图片,压缩/轻量版本
web-battery/audio/README.md,565,当前MP3指导语,
web-battery/audio/clock/copy_s01.mp3,42675,当前MP3指导语,
web-battery/audio/clock/copy_s02.mp3,53542,当前MP3指导语,
web-battery/audio/clock/copy_s03.mp3,30137,当前MP3指导语,
web-battery/audio/clock/s01.mp3,37660,当前MP3指导语,
web-battery/audio/clock/s02.mp3,46855,当前MP3指导语,
web-battery/audio/clock/s03.mp3,32644,当前MP3指导语,
web-battery/audio/clock/s04.mp3,57722,当前MP3指导语,
web-battery/audio/clock/s05.mp3,43929,当前MP3指导语,
web-battery/audio/clock/s06.mp3,53124,当前MP3指导语,
web-battery/audio/clock/s07.mp3,37660,当前MP3指导语,
web-battery/audio/clock/s08.mp3,60648,当前MP3指导语,
web-battery/audio/clock/s09.mp3,32644,当前MP3指导语,
web-battery/audio/flanker/s01.mp3,35152,当前MP3指导语,
web-battery/audio/flanker/s02.mp3,41422,当前MP3指导语,
web-battery/audio/flanker/s03.mp3,54378,当前MP3指导语,
web-battery/audio/flanker/s04.mp3,46855,当前MP3指导语,
web-battery/audio/flanker/s05.mp3,35152,当前MP3指导语,
web-battery/audio/flanker/s06.mp3,41422,当前MP3指导语,
web-battery/audio/flanker/s07.mp3,35152,当前MP3指导语,
web-battery/audio/flanker/s08.mp3,40168,当前MP3指导语,
web-battery/audio/flanker/s09.mp3,42675,当前MP3指导语,
web-battery/audio/flanker/s10.mp3,43929,当前MP3指导语,
web-battery/audio/flanker/t3_s01.mp3,45601,当前MP3指导语,
web-battery/audio/flanker/t3_s02.mp3,33898,当前MP3指导语,
web-battery/audio/nback/b1_retry.mp3,57722,当前MP3指导语,
web-battery/audio/nback/b1_s01.mp3,49363,当前MP3指导语,
web-battery/audio/nback/b1_s02.mp3,55632,当前MP3指导语,
web-battery/audio/nback/b1_s03.mp3,61902,当前MP3指导语,
web-battery/audio/nback/b1_s04.mp3,53124,当前MP3指导语,
web-battery/audio/nback/b1_s05.mp3,76112,当前MP3指导语,
web-battery/audio/nback/b1_s06.mp3,42675,当前MP3指导语,
web-battery/audio/nback/b1_s07.mp3,48109,当前MP3指导语,
web-battery/audio/nback/b1_s08.mp3,42257,当前MP3指导语,
web-battery/audio/nback/b1_t1.mp3,421346,当前MP3指导语,
web-battery/audio/nback/b1_t2.mp3,66499,当前MP3指导语,
web-battery/audio/nback/b1_t3.mp3,76948,当前MP3指导语,
web-battery/audio/nback/b2_retry.mp3,58140,当前MP3指导语,
web-battery/audio/nback/b2_s01.mp3,74022,当前MP3指导语,
web-battery/audio/nback/b2_s02.mp3,50617,当前MP3指导语,
web-battery/audio/nback/b2_s03.mp3,78620,当前MP3指导语,
web-battery/audio/nback/b2_s04.mp3,41422,当前MP3指导语,
web-battery/audio/nback/b2_s05.mp3,35152,当前MP3指导语,
web-battery/audio/nback/b2_s06.mp3,49781,当前MP3指导语,
web-battery/audio/nback/b2_s07.mp3,67753,当前MP3指导语,
web-battery/audio/nback/b2_s08.mp3,42675,当前MP3指导语,
web-battery/audio/nback/b2_s09.mp3,76948,当前MP3指导语,
web-battery/audio/nback/b2_s10.mp3,48109,当前MP3指导语,
web-battery/audio/nback/b2_s11.mp3,42257,当前MP3指导语,
web-battery/audio/nback/b2_s12.mp3,40168,当前MP3指导语,
web-battery/audio/nback/b2_t1.mp3,183528,当前MP3指导语,
web-battery/audio/nback/b2_t2.mp3,49363,当前MP3指导语,
web-battery/audio/nback/b2_t3.mp3,55632,当前MP3指导语,
web-battery/audio/nback/b2_transition.mp3,45601,当前MP3指导语,
web-battery/audio/nback/b3_retry.mp3,68589,当前MP3指导语,
web-battery/audio/nback/b3_s01.mp3,86561,当前MP3指导语,
web-battery/audio/nback/b3_s02.mp3,86561,当前MP3指导语,
web-battery/audio/nback/b3_s03.mp3,77366,当前MP3指导语,
web-battery/audio/nback/b3_s04.mp3,89070,当前MP3指导语,
web-battery/audio/nback/b3_s05.mp3,71829,当前MP3指导语,
web-battery/audio/nback/b3_s06.mp3,58140,当前MP3指导语,
web-battery/audio/nback/b3_s07.mp3,42257,当前MP3指导语,
web-battery/audio/nback/b3_s08.mp3,40168,当前MP3指导语,
web-battery/audio/nback/b3_t1.mp3,173079,当前MP3指导语,
web-battery/audio/nback/b3_t2.mp3,60648,当前MP3指导语,
web-battery/audio/nback/b3_t3.mp3,55632,当前MP3指导语,
web-battery/audio/nback/b3_transition.mp3,41422,当前MP3指导语,
web-battery/audio/nback/b4_s01.mp3,49781,当前MP3指导语,
web-battery/audio/nback/b4_s02.mp3,34734,当前MP3指导语,
web-battery/audio/nback/b4_s03.mp3,62737,当前MP3指导语,
web-battery/audio/nback/b4_s04.mp3,50617,当前MP3指导语,
web-battery/audio/nback/b4_s05.mp3,69007,当前MP3指导语,
web-battery/audio/nback/b4_s06.mp3,39750,当前MP3指导语,
web-battery/audio/nback/b4_s07.mp3,48109,当前MP3指导语,
web-battery/audio/nback/b4_s08.mp3,48109,当前MP3指导语,
web-battery/audio/nback/b4_s09.mp3,37660,当前MP3指导语,
web-battery/audio/nback/b4_s10.mp3,42257,当前MP3指导语,
web-battery/audio/nback/shared_timeout.mp3,36406,当前MP3指导语,
web-battery/audio/precheck/s01.mp3,68589,当前MP3指导语,
web-battery/audio/precheck/s02.mp3,109549,当前MP3指导语,
web-battery/audio/rmet/s01.mp3,47273,当前MP3指导语,
web-battery/audio/rmet/s02.mp3,56886,当前MP3指导语,
web-battery/audio/rmet/s03.mp3,36406,当前MP3指导语,
web-battery/audio/rmet/s04.mp3,53542,当前MP3指导语,
web-battery/audio/rmet/s05.mp3,35988,当前MP3指导语,
web-battery/audio/rmet/s06.mp3,37242,当前MP3指导语,
web-battery/audio/rmet/s07.mp3,48109,当前MP3指导语,
web-battery/audio/rmet/s08.mp3,40168,当前MP3指导语,
web-battery/audio/sart/s01.mp3,41422,当前MP3指导语,
web-battery/audio/sart/s02.mp3,42675,当前MP3指导语,
web-battery/audio/sart/s03.mp3,54378,当前MP3指导语,
web-battery/audio/sart/s04.mp3,46855,当前MP3指导语,
web-battery/audio/sart/s05.mp3,41422,当前MP3指导语,
web-battery/audio/sart/s06.mp3,40168,当前MP3指导语,
web-battery/audio/sart/s07.mp3,27629,当前MP3指导语,
web-battery/audio/sart/s08.mp3,68589,当前MP3指导语,
web-battery/audio/sart/s09.mp3,63155,当前MP3指导语,
web-battery/audio/sart/s10.mp3,42675,当前MP3指导语,
web-battery/audio/sart/s11.mp3,43929,当前MP3指导语,
web-battery/audio/tmt/a0_s01.mp3,29301,当前MP3指导语,
web-battery/audio/tmt/a0_s02.mp3,69843,当前MP3指导语,
web-battery/audio/tmt/a0_s03.mp3,60230,当前MP3指导语,
web-battery/audio/tmt/a0_s04.mp3,35152,当前MP3指导语,
web-battery/audio/tmt/a0_s05.mp3,51871,当前MP3指导语,
web-battery/audio/tmt/a0_s06.mp3,64409,当前MP3指导语,
web-battery/audio/tmt/a0_s07.mp3,46855,当前MP3指导语,
web-battery/audio/tmt/a0_s08.mp3,33898,当前MP3指导语,
web-battery/audio/tmt/a0_s09.mp3,50617,当前MP3指导语,
web-battery/audio/tmt/a0_s10.mp3,32644,当前MP3指导语,
web-battery/audio/tmt/a0_s11.mp3,43929,当前MP3指导语,
web-battery/audio/tmt/a1_s01.mp3,71097,当前MP3指导语,
web-battery/audio/tmt/a1_s02.mp3,51035,当前MP3指导语,
web-battery/audio/tmt/a1_s03.mp3,29301,当前MP3指导语,
web-battery/audio/tmt/a1_s04.mp3,69843,当前MP3指导语,
web-battery/audio/tmt/a1_s05.mp3,35988,当前MP3指导语,
web-battery/audio/tmt/a1_s06.mp3,40168,当前MP3指导语,
web-battery/audio/tmt/b1_s01.mp3,104951,当前MP3指导语,
web-battery/audio/tmt/b1_s02.mp3,76948,当前MP3指导语,
web-battery/audio/tmt/b1_s03.mp3,29301,当前MP3指导语,
web-battery/audio/tmt/b1_s04.mp3,72351,当前MP3指导语,
web-battery/audio/tmt/b1_s05.mp3,92831,当前MP3指导语,
web-battery/audio/tmt/b1_s06.mp3,35988,当前MP3指导语,
web-battery/audio/tmt/b1_s07.mp3,40168,当前MP3指导语,
web-battery/audio/tmt/b1_s08.mp3,32644,当前MP3指导语,
web-battery/audio/tmt/b1_s09.mp3,43929,当前MP3指导语,
web-battery/audio/tmt/b2_s01.mp3,91577,当前MP3指导语,
web-battery/audio/tmt/b2_s02.mp3,34734,当前MP3指导语,
web-battery/audio/tmt/b2_s03.mp3,73604,当前MP3指导语,
web-battery/audio/tmt/b2_s04.mp3,124595,当前MP3指导语,
web-battery/audio/tmt/b2_s05.mp3,35988,当前MP3指导语,
web-battery/audio/tmt/b2_s06.mp3,40168,当前MP3指导语,
web-battery/audio/tmt/b2_s07.mp3,91577,当前MP3指导语,
web-battery/audio/tmt/b2_s08.mp3,32644,当前MP3指导语,
web-battery/audio/tmt/b2_s09.mp3,43929,当前MP3指导语,
web-battery/audio/tmt/b3_s01.mp3,104115,当前MP3指导语,
web-battery/audio/tmt/b3_s02.mp3,37242,当前MP3指导语,
web-battery/audio/tmt/b3_s03.mp3,71515,当前MP3指导语,
web-battery/audio/tmt/b3_s04.mp3,101608,当前MP3指导语,
web-battery/audio/tmt/b3_s05.mp3,35988,当前MP3指导语,
web-battery/audio/tmt/b3_s06.mp3,40168,当前MP3指导语,
web-battery/audio/tmt/b3_s07.mp3,87815,当前MP3指导语,
web-battery/audio/tmt/b3_s08.mp3,32644,当前MP3指导语,
web-battery/audio/tmt/b3_s09.mp3,43929,当前MP3指导语,
web-battery/audio/tmt/b4_s01.mp3,94084,当前MP3指导语,
web-battery/audio/tmt/b4_s02.mp3,37242,当前MP3指导语,
web-battery/audio/tmt/b4_s03.mp3,67753,当前MP3指导语,
web-battery/audio/tmt/b4_s04.mp3,112475,当前MP3指导语,
web-battery/audio/tmt/b4_s05.mp3,35988,当前MP3指导语,
web-battery/audio/tmt/b4_s06.mp3,40168,当前MP3指导语,
web-battery/audio/tmt/b4_s07.mp3,43929,当前MP3指导语,
web-battery/audio/tmt/rules_no_cross.mp3,28570,当前MP3指导语,
web-battery/audio/tmt/rules_one_stroke.mp3,42049,当前MP3指导语,
web-battery/audio/tmt/rules_s01.mp3,70261,当前MP3指导语,
web-battery/audio/tmt/rules_s02.mp3,84471,当前MP3指导语,
web-battery/audio/tmt/rules_s03.mp3,28047,当前MP3指导语,
web-battery/audio/tmt/rules_s04.mp3,53961,当前MP3指导语,
web-battery/audio/tmt/rules_s05.mp3,50200,当前MP3指导语,
web-battery/audio/tmt/rules_s06.mp3,42257,当前MP3指导语,
web-battery/audio/tmt/rules_s07.mp3,40168,当前MP3指导语,
web-battery/audio/tmt/rules_s08.mp3,50617,当前MP3指导语,
web-battery/audio/tmt/rules_s09.mp3,42675,当前MP3指导语,
web-battery/audio/tmt/rules_s10.mp3,43929,当前MP3指导语,
web-battery/audio/visuospatial/demo_0turn.mp3,78620,当前MP3指导语,
web-battery/audio/visuospatial/demo_1turn.mp3,79874,当前MP3指导语,
web-battery/audio/visuospatial/demo_2turn.mp3,77366,当前MP3指导语,
web-battery/audio/visuospatial/demo_3turn.mp3,79874,当前MP3指导语,
web-battery/audio/visuospatial/demo_end.mp3,59394,当前MP3指导语,
web-battery/audio/visuospatial/demo_intro.mp3,140060,当前MP3指导语,
web-battery/audio/visuospatial/guided_ask.mp3,36720,当前MP3指导语,
web-battery/audio/visuospatial/guided_correct.mp3,28257,当前MP3指导语,
web-battery/audio/visuospatial/guided_intro_s01.mp3,70889,当前MP3指导语,
web-battery/audio/visuospatial/guided_intro_s02.mp3,79352,当前MP3指导语,
web-battery/audio/visuospatial/guided_intro_s03.mp3,58036,当前MP3指导语,
web-battery/audio/visuospatial/guided_intro_s04.mp3,51767,当前MP3指导语,
web-battery/audio/visuospatial/guided_intro_s05.mp3,27316,当前MP3指导语,
web-battery/audio/visuospatial/guided_outro_s01.mp3,42049,当前MP3指导语,
web-battery/audio/visuospatial/guided_outro_s02.mp3,57096,当前MP3指导语,
web-battery/audio/visuospatial/guided_outro_s03.mp3,75277,当前MP3指导语,
web-battery/audio/visuospatial/guided_show_answer.mp3,67127,当前MP3指导语,
web-battery/audio/visuospatial/practice_click.mp3,32018,当前MP3指导语,
web-battery/audio/visuospatial/practice_diff.mp3,69948,当前MP3指导语,
web-battery/audio/visuospatial/practice_endpoint.mp3,37347,当前MP3指导语,
web-battery/audio/visuospatial/practice_predict.mp3,74650,当前MP3指导语,
web-battery/audio/visuospatial/practice_s01.mp3,77366,当前MP3指导语,
web-battery/audio/visuospatial/practice_s02.mp3,33062,当前MP3指导语,
web-battery/audio/visuospatial/practice_s03.mp3,83217,当前MP3指导语,
web-battery/audio/visuospatial/practice_s04.mp3,72768,当前MP3指导语,
web-battery/audio/visuospatial/practice_s05.mp3,51035,当前MP3指导语,
web-battery/audio/visuospatial/practice_s06.mp3,89487,当前MP3指导语,
web-battery/audio/visuospatial/practice_s07.mp3,58976,当前MP3指导语,
web-battery/audio/visuospatial/practice_s08.mp3,61902,当前MP3指导语,
web-battery/audio/visuospatial/practice_s09.mp3,42257,当前MP3指导语,
web-battery/audio/visuospatial/practice_upgrade.mp3,42049,当前MP3指导语,
web-battery/audio/visuospatial/practice_walked.mp3,57409,当前MP3指导语,
web-battery/audio/visuospatial/rules_s01.mp3,54378,当前MP3指导语,
web-battery/audio/visuospatial/rules_s02.mp3,74858,当前MP3指导语,
web-battery/audio/visuospatial/rules_s03.mp3,52288,当前MP3指导语,
web-battery/audio/visuospatial/rules_s04.mp3,76948,当前MP3指导语,
web-battery/audio/visuospatial/rules_s05.mp3,80710,当前MP3指导语,
web-battery/audio/visuospatial/rules_s06.mp3,65245,当前MP3指导语,
web-battery/audio/visuospatial/rules_s07.mp3,35988,当前MP3指导语,
web-battery/audio/vstmb/b1_s01.mp3,51871,当前MP3指导语,
web-battery/audio/vstmb/b1_s02.mp3,42675,当前MP3指导语,
web-battery/audio/vstmb/b1_s03.mp3,40168,当前MP3指导语,
web-battery/audio/vstmb/b1_s04.mp3,53124,当前MP3指导语,
web-battery/audio/vstmb/b1_s05.mp3,78620,当前MP3指导语,
web-battery/audio/vstmb/b1_s06.mp3,45601,当前MP3指导语,
web-battery/audio/vstmb/b1_s07.mp3,60648,当前MP3指导语,
web-battery/audio/vstmb/b1_s08.mp3,37660,当前MP3指导语,
web-battery/audio/vstmb/b1_s09.mp3,53124,当前MP3指导语,
web-battery/audio/vstmb/b1_s10.mp3,53124,当前MP3指导语,
web-battery/audio/vstmb/b1_s11.mp3,90323,当前MP3指导语,
web-battery/audio/vstmb/b1_s12.mp3,45601,当前MP3指导语,
web-battery/audio/vstmb/b1_s13.mp3,55632,当前MP3指导语,
web-battery/audio/vstmb/b1_s14.mp3,42675,当前MP3指导语,
web-battery/audio/vstmb/b1_s15.mp3,43929,当前MP3指导语,
web-battery/audio/vstmb/b2_s01.mp3,42675,当前MP3指导语,
web-battery/audio/vstmb/b2_s02.mp3,72351,当前MP3指导语,
web-battery/audio/vstmb/b2_s03.mp3,61902,当前MP3指导语,
web-battery/audio/vstmb/b2_s04.mp3,74022,当前MP3指导语,
web-battery/audio/vstmb/b2_s05.mp3,28883,当前MP3指导语,
web-battery/audio/vstmb/b2_s06.mp3,69843,当前MP3指导语,
web-battery/audio/vstmb/b2_s07.mp3,61902,当前MP3指导语,
web-battery/audio/vstmb/b2_s08.mp3,53124,当前MP3指导语,
web-battery/audio/vstmb/b2_s09.mp3,42675,当前MP3指导语,
web-battery/audio/vstmb/b2_s10.mp3,43929,当前MP3指导语,
web-battery/audio/vstmb/b3_s01.mp3,74858,当前MP3指导语,
web-battery/audio/vstmb/b3_s02.mp3,76112,当前MP3指导语,
web-battery/audio/vstmb/b3_s03.mp3,56886,当前MP3指导语,
web-battery/audio/vstmb/b3_s04.mp3,72351,当前MP3指导语,
web-battery/audio/vstmb/b3_s05.mp3,45601,当前MP3指导语,
web-battery/audio/vstmb/b3_s06.mp3,66081,当前MP3指导语,
web-battery/audio/vstmb/b3_s07.mp3,48109,当前MP3指导语,
web-battery/audio/vstmb/b3_s08.mp3,41422,当前MP3指导语,
web-battery/audio/vstmb/b3_s09.mp3,78620,当前MP3指导语,
web-battery/audio/vstmb/b3_s10.mp3,42675,当前MP3指导语,
web-battery/audio/vstmb/b3_s11.mp3,45601,当前MP3指导语,
开发文档/Flanker开发文档-许一桦(2).pdf,316872,原始开发文档,
开发文档/Flanker开发文档.md,15339,原始开发文档,
开发文档/N-back范式开发文档.md,16517,原始开发文档,
开发文档/N-back范式开发文档.pdf,1679616,原始开发文档,
开发文档/N-back视老化改造_文献依据.md,11320,原始开发文档,
开发文档/README.md,557,原始开发文档,
开发文档/SART产品文档-许一桦(1).pdf,1429448,原始开发文档,
开发文档/SART产品文档.md,12054,原始开发文档,
开发文档/TMT范式开发文档(1).pdf,1679969,原始开发文档,
开发文档/TMT范式开发文档.md,19719,原始开发文档,
开发文档/VSTMB范式编写手册.pdf,15683796,原始开发文档,
开发文档/视空间导航产品文档-刘晓烨.pdf,1191398,原始开发文档,
开发文档/视空间导航产品文档.md,25364,原始开发文档,
4月18日 修改/文献原文/Krueger_2009_Flanker_text提取.txt,32136,关键文献原文,
4月18日 修改/文献原文/Krueger_2009_Neurology_Flanker_FTD.pdf,1466786,关键文献原文,
4月18日 修改/文献原文/Parra_2020_Frontiers_Neurology_VSTMB_clinical_review.pdf,290102,关键文献原文,
4月18日 修改/文献原文/Parra_2025_Aging_Neuropsychol_VSTMB_oculomotor.pdf,1096108,关键文献原文,
4月18日 修改/文献原文/Parra_2025_VSTMB_text提取.txt,72346,关键文献原文,
4月18日 修改/文献原文/Robertson_1997_Neuropsychologia_SART.pdf,332358,关键文献原文,
4月18日 修改/文献原文/Robertson_1997_SART_text提取.txt,56399,关键文献原文,
4月18日 修改/文献原文/Suzuki_2018_Frontiers_Aging_Neurosci_N-back.pdf,1508268,关键文献原文,
4月18日 修改/文献原文/Suzuki_2018_N-back_text提取.txt,79824,关键文献原文,
docs/handoff/material_previews/material_preview_manifest.csv,9475,压缩材料预览,
docs/handoff/material_previews/nback.jpg,237232,压缩材料预览,
docs/handoff/material_previews/speech.jpg,108481,压缩材料预览,
docs/handoff/material_previews/vstmb.jpg,237366,压缩材料预览,
Flanker/README.md,353,旧版小代码/资料,
Flanker/实验程序/README.md,1246,旧版小代码/资料,
Flanker/实验程序/flanker_psychopy.py,27575,旧版小代码/资料,
Flanker/实验程序/generate_instruction_images.py,12782,旧版小代码/资料,
Flanker/实验程序 2/README.md,1246,旧版小代码/资料,
Flanker/实验程序 2/flanker_psychopy.py,36904,旧版小代码/资料,
Flanker/实验程序 2/generate_instruction_images.py,13060,旧版小代码/资料,
SART/README.md,284,旧版小代码/资料,
SART/SART/范式程序/data_manager.py,12640,旧版小代码/资料,
SART/SART/范式程序/experiment_manager.py,20407,旧版小代码/资料,
SART/SART/范式程序/main.py,7039,旧版小代码/资料,
SART/SART/范式程序/preview_screens.py,16113,旧版小代码/资料,
SART/SART/范式程序/stimulus_manager.py,7489,旧版小代码/资料,
N-back/N-back/NNNNNN-back.docx,106922,旧版小代码/资料,
N-back/N-back/README.md,5572,旧版小代码/资料,
N-back/N-back/gen_nback_instructions.py,15744,旧版小代码/资料,
N-back/N-back/generate_instruction_images.py,13339,旧版小代码/资料,
N-back/N-back/lists/B1_ListA.csv,1968,旧版小代码/资料,
N-back/N-back/lists/B2_ListA.csv,2034,旧版小代码/资料,
N-back/N-back/lists/B3_ListA.csv,3378,旧版小代码/资料,
N-back/N-back/lists/B4_ListA.csv,2120,旧版小代码/资料,
N-back/N-back/run/run_B1_last.py,30771,旧版小代码/资料,
N-back/N-back/run/run_B2_last.py,25607,旧版小代码/资料,
N-back/N-back/run/run_B3_last.py,33240,旧版小代码/资料,
N-back/N-back/run/run_B4_last.py,26790,旧版小代码/资料,
N-back/N-back/run/run_all.py,19560,旧版小代码/资料,
N-back/N-back/阿尔茨海默病早期认知行为标志物筛查项目实验明细_N-back.docx,49200,旧版小代码/资料,
TMT/初版TMT/README.md,7821,旧版小代码/资料,
TMT/初版TMT/gen/gen_A0_layouts.py,14707,旧版小代码/资料,
TMT/初版TMT/gen/gen_A1_layouts_color.py,11546,旧版小代码/资料,
TMT/初版TMT/gen/gen_B1_layouts.py,17120,旧版小代码/资料,
TMT/初版TMT/gen/gen_B2_layouts.py,19532,旧版小代码/资料,
TMT/初版TMT/gen/gen_B3_layouts.py,22504,旧版小代码/资料,
TMT/初版TMT/gen/gen_B4_layouts.py,24224,旧版小代码/资料,
TMT/初版TMT/gen/gen_B4_layouts_H.py,7929,旧版小代码/资料,
TMT/初版TMT/gen/gen_B4_layouts_L.py,6046,旧版小代码/资料,
TMT/初版TMT/gen/gen_B4_layouts_L_fixed.py,26367,旧版小代码/资料,
TMT/初版TMT/gen/gen_B4_layouts_L_project.py,24440,旧版小代码/资料,
TMT/初版TMT/run最终/gen_instructions.py,11886,旧版小代码/资料,
TMT/初版TMT/run最终/run_A0_updated.py,45134,旧版小代码/资料,
TMT/初版TMT/run最终/run_A1_updated.py,46594,旧版小代码/资料,
TMT/初版TMT/run最终/run_B1_updated.py,42437,旧版小代码/资料,
TMT/初版TMT/run最终/run_B2_updated.py,48479,旧版小代码/资料,
TMT/初版TMT/run最终/run_B3_updated.py,48145,旧版小代码/资料,
TMT/初版TMT/run最终/run_B4_updated.py,39715,旧版小代码/资料,
TMT/初版TMT/run最终/run_all_updated.py,16649,旧版小代码/资料,
TMT/初版TMT/连线测试开发规范版(暂未更新）.docx,25022,旧版小代码/资料,
VSTMB/VSTMB/README.md,1613,旧版小代码/资料,
VSTMB/VSTMB/config.json,1265,旧版小代码/资料,
VSTMB/VSTMB/data_manager.py,10900,旧版小代码/资料,
VSTMB/VSTMB/experiment_manager.py,34831,旧版小代码/资料,
VSTMB/VSTMB/main.py,27673,旧版小代码/资料,
VSTMB/VSTMB/stimulus_manager.py,15140,旧版小代码/资料,
VSTMB/VSTMB/使用说明.txt,6859,旧版小代码/资料,
VSTMB/VSTMB/文件清单.txt,4722,旧版小代码/资料,
空间导航/视空间范式/视空间/visuospatial_navigation_task(demonstration only)_1.12_1.py,32538,旧版小代码/资料,
社会认知/RMET【以此为基准】/RMET.py,6667,旧版小代码/资料,
社会认知/RMET【以此为基准】/marterial/image/P.jpg,24580,旧版小代码/资料,
社会认知/RMET【以此为基准】/marterial/image/trial1.jpg,33226,旧版小代码/资料,
社会认知/RMET【以此为基准】/marterial/image/trial10.jpg,28399,旧版小代码/资料,
社会认知/RMET【以此为基准】/marterial/image/trial2.jpg,30515,旧版小代码/资料,
社会认知/RMET【以此为基准】/marterial/image/trial3.jpg,34198,旧版小代码/资料,
社会认知/RMET【以此为基准】/marterial/image/trial4.jpg,27123,旧版小代码/资料,
社会认知/RMET【以此为基准】/marterial/image/trial5.jpg,33261,旧版小代码/资料,
社会认知/RMET【以此为基准】/marterial/image/trial6.jpg,28362,旧版小代码/资料,
社会认知/RMET【以此为基准】/marterial/image/trial7.jpg,33069,旧版小代码/资料,
社会认知/RMET【以此为基准】/marterial/image/trial8.jpg,24042,旧版小代码/资料,
社会认知/RMET【以此为基准】/marterial/image/trial9.jpg,28101,旧版小代码/资料,
社会认知/RMET【以此为基准】/marterial/options_new.xlsx,9541,旧版小代码/资料,
画钟范式/CDT_PsychoPy_概述.docx,44265,旧版小代码/资料,
画钟范式/README.md,353,旧版小代码/资料,
画钟范式/clock.py,19123,旧版小代码/资料,
语音/260316语音(2).pptx,7803668,旧版小代码/资料,
语音/README.md,381,旧版小代码/资料,
